,Açıklamalar,Tarih,Toplam Vaka,Günlük Vaka,Toplam_Hasta,Gunluk_Hasta,Toplam_Vefat,Gunluk_Vefat,Toplam_iyilesen,Gunluk_iyilesen,Toplam_Test,Gunluk_Test,YBU,Entube,Ağır Hasta,yatak_doluluk_orani,eriskin_yogun_bakim_doluluk_orani,ventilator_doluluk_orani
1,Veri Seti,11.03.2020,1,,1,1,,,,,940,940,,,,,,
,COVID-19 Pandemisi Türkiye Günlük Verileri,12.03.2020,1,,1,0,,,,,2.470,1.530,,,,,,
2,Kapsam,13.03.2020,5,,2,1,,,,,4.000,1.530,,,,,,
,"Bu veri seti, Sağlık Bakanlığı tarafından günlük açıklanan verileri içermektedir. ",14.03.2020,6,,5,3,,,,,5.000,1.000,,,,,,
3,Kaynak,15.03.2020,18,,18,13,,,,,6.000,1.000,,,,,,
,Sağlık Bakanlığı Günlük Tablo,16.03.2020,47,,47,29,,,,,7.000,1.000,,,,,,
4,Sorumluluk Reddi,17.03.2020,98,,98,51,1,1,,,8.002,1.002,,,,,,
,Veri setindeki olası hataların / eksikliklerin kontrol sorumluluğu kullanıcılara aittir.,18.03.2020,191,,191,93,2,1,,,10.000,1.998,,,,,,
,TURCOVID19 veri setinin kullanımından kaynaklanabilecek her türlü maddi ve manevi zararların sorumluluğunu reddeler.,19.03.2020,359,,359,168,4,2,,,11.981,1.981,,,,,,
5,TURCOVID19 Hakkında,20.03.2020,670,,670,311,9,5,,,15.637,3.656,,,,,,
,https://turcovid19.com/hakkimizda/,21.03.2020,947,,947,277,21,12,,,18.590,2.953,,,,,,
6,Geri Bildirim,22.03.2020,1.236,,1.236,289,30,9,,,20.345,1.755,,,,,,
,https://turcovid19.com/iletisim/,23.03.2020,1.529,,1.529,293,37,7,,,24.017,3.672,,,,,,
7,"Kullanım Hakları, Lisans ve Atıf",24.03.2020,1.872,,1.872,343,44,7,,,27.969,3.952,,,,,,
,Veri setinin kullanım hakları TURCOVID19'a aittir,25.03.2020,2.433,,2.433,561,59,15,,,33.004,5.035,,,,,,
,"Bu veri seti,  CC BY-NC-ND 4.0 lisansı ile lisanslanmıştır. ",26.03.2020,3.629,,3.629,1.196,75,16,0,0,40.290,7.286,,,,,,
,Atıf yapmak koşuluyla kullanım ve paylaşıma açıktır. ,27.03.2020,5.698,,5.698,2.069,92,17,42,42,47.823,7.533,344,241,,,,
8,Atıf,28.03.2020,7.402,,7.402,1.704,108,16,70,28,55.464,7.641,445,309,,,,
,"Akademik: Uçar, A , Arslan, Ş , Manap, H , Gürkan, T , Çalışkan, M , Dayıoğlu, A , Efe, H , Yılmaz, M , İbrahi̇moğlu, A , Gülteki̇n, E , Durna, R , Başar, R , Osmanoğlu, F , Ören, S . (2020). Türkiye’de Covid-19 Pandemisinin Monitörizasyonu Için Interaktif Ve Gerçek Zamanlı Bir Web Uygulaması: TURCOVID19 . Anatolian Clinic the Journal of Medical Sciences , 25 (Special Issue on COVID 19) , 154-155 . DOI: 10.21673/anadoluklin.726347",29.03.2020,9.217,,9.217,1.815,131,23,105,35,65.446,9.982,568,394,,,,
,"Web: <div>Kaynak: <a title=""TURCOVID19"" href=""https://turcovid19.com"">turcovid19.com</a></div>",30.03.2020,10.827,,10.827,1.610,168,37,162,57,76.981,11.535,725,523,,,,
,Basılı görseller: turcovid19.com,31.03.2020,13.531,,13.531,2.704,214,46,243,81,92.403,15.422,847,622,,,,
,Video: turcovid19.com,01.04.2020,15.679,,15.679,2.148,277,63,333,90,106.799,14.396,979,692,,,,
,,02.04.2020,18.135,,18.135,2.456,356,79,415,82,125.556,18.757,1.101,783,,,,
,,03.04.2020,20.921,,20.921,2.786,425,69,484,69,141.716,16.160,1.251,867,,,,
,,04.04.2020,23.934,,23.934,3.013,501,76,786,302,161.380,19.664,1.311,909,,,,
,,05.04.2020,27.069,,27.069,3.135,574,73,1.042,256,181.445,20.065,1.381,935,,,,
,,06.04.2020,30.217,,30.217,3.148,649,75,1.326,284,202.845,21.400,1.415,966,,,,
,,07.04.2020,34.109,,34.109,3.892,725,76,1.582,256,222.868,20.023,1.474,987,,,,
,,08.04.2020,38.226,,38.226,4.117,812,87,1.846,264,247.768,24.900,1.492,995,,,,
,,09.04.2020,42.282,,42.282,4.056,908,96,2.142,296,276.346,28.578,1.552,1.017,,,,
,,10.04.2020,47.029,,47.029,4.747,1.006,98,2.423,281,307.210,30.864,1.667,1.062,,,,
,,11.04.2020,52.167,,52.167,5.138,1.101,95,2.965,542,340.380,33.170,1.626,1.021,,,,
,,12.04.2020,56.956,,56.956,4.789,1.198,97,3.446,481,376.100,35.720,1.665,978,,,,
,,13.04.2020,61.049,,61.049,4.093,1.296,98,3.957,511,410.556,34.456,1.786,1.063,,,,
,,14.04.2020,65.111,,65.111,4.062,1.403,107,4.799,842,443.626,33.070,1.809,1.087,,,,
,,15.04.2020,69.392,,69.392,4.281,1.518,115,5.674,875,477.716,34.090,1.820,1.052,,,,
,,16.04.2020,74.193,,74.193,4.801,1.643,125,7.089,1.415,518.143,40.427,1.854,1.040,,,,
,,17.04.2020,78.546,,78.546,4.353,1.769,126,8.631,1.542,558.413,40.270,1.845,1.014,,,,
,,18.04.2020,82.329,,82.329,3.783,1.890,121,10.453,1.822,598.933,40.520,1.894,1.054,,,,
,,19.04.2020,86.306,,86.306,3.977,2.017,127,11.976,1.523,634.277,35.344,1.922,1.031,,,,
,,20.04.2020,90.980,,90.980,4.674,2.140,123,13.430,1.454,673.980,39.703,1.909,1.033,,,,
,,21.04.2020,95.591,,95.591,4.611,2.259,119,14.918,1.488,713.409,39.429,1.865,1.006,,,,
,,22.04.2020,98.674,,98.674,3.083,2.376,117,16.477,1.559,750.944,37.535,1.814,985,,,,
,,23.04.2020,101.790,,101.790,3.116,2.491,115,18.491,2.014,791.906,40.962,1.816,982,,,,
,,24.04.2020,104.912,,104.912,3.122,2.600,109,21.737,3.246,830.257,38.351,1.790,929,,,,
,,25.04.2020,107.773,,107.773,2.861,2.706,106,25.582,3.845,868.565,38.308,1.782,900,,,,
,,26.04.2020,110.130,,110.130,2.357,2.805,99,29.140,3.558,898.742,30.177,1.776,883,,,,
,,27.04.2020,112.261,,112.261,2.131,2.900,95,33.791,4.651,918.885,20.143,1.736,882,,,,
,,28.04.2020,114.653,,114.653,2.392,2.992,92,38.809,5.018,948.115,29.230,1.621,845,,,,
,,29.04.2020,117.589,,117.589,2.936,3.081,89,44.040,5.231,991.613,43.498,1.574,831,,,,
,,30.04.2020,120.204,,120.204,2.615,3.174,93,48.886,4.846,1.033.617,42.004,1.514,803,,,,
,,01.05.2020,122.392,,122.392,2.188,3.258,84,53.808,4.922,1.075.048,41.431,1.480,818,,,,
,,02.05.2020,124.375,,124.375,1.983,3.336,78,58.259,4.451,1.111.366,36.318,1.445,778,,,,
,,03.05.2020,126.045,,126.045,1.670,3.397,61,63.151,4.892,1.135.367,24.001,1.424,766,,,,
,,04.05.2020,127.659,,127.659,1.614,3.461,64,68.166,5.015,1.171.138,35.771,1.384,727,,,,
,,05.05.2020,129.491,,129.491,1.832,3.520,59,73.285,5.119,1.204.421,33.283,1.338,707,,,,
,,06.05.2020,131.744,,131.744,2.253,3.584,64,78.202,4.917,1.234.724,30.303,1.278,669,,,,
,,07.05.2020,133.721,,133.721,1.977,3.641,57,82.984,4.782,1.265.119,30.395,1.260,665,,,,
,,08.05.2020,135.569,,135.569,1.848,3.689,48,86.396,3.412,1.298.806,33.687,1.219,653,,,,
,,09.05.2020,137.115,,137.115,1.546,3.739,50,89.480,3.084,1.334.411,35.605,1.168,628,,,,
,,10.05.2020,138.657,,138.657,1.542,3.786,47,92.691,3.211,1.370.598,36.187,1.154,598,,,,
,,11.05.2020,139.771,,139.771,1.114,3.841,55,95.780,3.089,1.403.320,32.722,1.126,578,,,,
,,12.05.2020,141.475,,141.475,1.704,3.894,53,98.889,3.109,1.440.671,37.351,1.045,576,,,,
,,13.05.2020,143.114,,143.114,1.639,3.952,58,101.715,2.826,1.474.003,33.332,998,535,,,,
,,14.05.2020,144.749,,144.749,1.635,4.007,55,104.030,2.315,1.508.824,34.821,963,508,,,,
,,15.05.2020,146.457,,146.457,1.708,4.055,48,106.133,2.103,1.547.389,38.565,944,490,,,,
,,16.05.2020,148.067,,148.067,1.610,4.096,41,108.137,2.004,1.589.625,42.236,906,474,,,,
,,17.05.2020,149.435,,149.435,1.368,4.140,44,109.962,1.825,1.624.994,35.369,914,468,,,,
,,18.05.2020,150.593,,150.593,1.158,4.171,31,111.577,1.615,1.650.135,25.141,903,463,,,,
,,19.05.2020,151.615,,151.615,1.022,4.199,28,112.895,1.318,1.675.517,25.382,882,455,,,,
,,20.05.2020,152.587,,152.587,972,4.222,23,113.987,1.092,1.696.355,20.838,877,445,,,,
,,21.05.2020,153.548,,153.548,961,4.249,27,114.990,1.003,1.729.988,33.633,820,424,,,,
,,22.05.2020,154.500,,154.500,952,4.276,27,116.111,1.121,1.767.495,37.507,800,401,,,,
,,23.05.2020,155.686,,155.686,1.186,4.308,32,117.602,1.491,1.807.673,40.178,775,388,,,,
,,24.05.2020,156.827,,156.827,1.141,4.340,32,118.694,1.092,1.832.262,24.589,769,385,,,,
,,25.05.2020,157.814,,157.814,987,4.369,29,120.015,1.321,1.853.754,21.492,756,371,,,,
,,26.05.2020,158.762,,158.762,948,4.397,28,121.507,1.492,1.873.607,19.853,739,338,,,,
,,27.05.2020,159.797,,159.797,1.035,4.431,34,122.793,1.286,1.894.650,21.043,723,331,,,,
,,28.05.2020,160.979,,160.979,1.182,4.461,30,124.369,1.576,1.928.209,33.559,683,339,,,,
,,29.05.2020,162.120,,162.120,1.141,4.489,28,125.963,1.594,1.964.364,36.155,662,324,,,,
,,30.05.2020,163.103,,163.103,983,4.515,26,126.984,1.021,2.003.594,39.230,649,308,,,,
,,31.05.2020,163.942,,163.942,839,4.540,25,127.973,989,2.039.194,35.600,648,287,,,,
,,01.06.2020,164.769,,164.769,827,4.563,23,128.947,974,2.070.719,31.525,651,283,,,,
,,02.06.2020,165.555,,165.555,786,4.585,22,129.921,974,2.103.044,32.325,633,271,,,,
,,03.06.2020,166.422,,166.422,867,4.609,24,130.852,931,2.155.349,52.305,612,261,,,,
,,04.06.2020,167.410,,167.410,988,4.630,21,131.778,926,2.209.583,54.234,602,265,,,,
,,05.06.2020,168.340,,168.340,930,4.648,18,133.400,1.622,2.267.412,57.829,592,269,,,,
,,06.06.2020,169.218,,169.218,878,4.669,21,135.322,1.922,2.303.258,35.846,591,264,,,,
,,07.06.2020,170.132,,170.132,914,4.692,23,137.969,2.647,2.338.593,35.335,613,274,,,,
,,08.06.2020,171.121,,171.121,989,4.711,19,141.380,3.411,2.377.954,39.361,625,261,,,,
,,09.06.2020,172.114,,172.114,993,4.729,18,144.598,3.218,2.415.179,37.225,642,281,,,,
,,10.06.2020,173.036,,173.036,922,4.746,17,146.839,2.241,2.451.700,36.521,631,280,,,,
,,11.06.2020,174.023,,174.023,987,4.763,17,147.860,1.021,2.500.890,49.190,643,266,,,,
,,12.06.2020,175.218,,175.218,1.195,4.778,15,149.102,1.242,2.541.903,41.013,664,282,,,,
,,13.06.2020,176.677,,176.677,1.459,4.792,14,150.087,985,2.586.995,45.092,684,284,,,,
,,14.06.2020,178.239,,178.239,1.562,4.807,15,151.417,1.330,2.632.171,45.176,717,290,,,,
,,15.06.2020,179.831,,179.831,1.592,4.825,18,152.364,947,2.674.203,42.032,722,291,,,,
,,16.06.2020,181.298,,181.298,1.467,4.842,17,153.379,1.015,2.721.003,46.800,732,303,,,,
,,17.06.2020,182.727,,182.727,1.429,4.861,19,154.640,1.261,2.773.904,52.901,745,306,,,,
,,18.06.2020,184.031,,184.031,1.304,4.882,21,156.022,1.382,2.822.316,48.412,755,311,,,,
,,19.06.2020,185.245,,185.245,1.214,4.905,23,157.516,1.494,2.863.632,41.316,769,310,,,,
,,20.06.2020,186.493,,186.493,1.248,4.927,22,158.828,1.312,2.904.744,41.112,781,318,,,,
,,21.06.2020,187.685,,187.685,1.192,4.950,23,160.240,1.412,2.945.240,40.496,803,327,,,,
,,22.06.2020,188.897,,188.897,1.212,4.974,24,161.533,1.293,2.986.653,41.413,846,345,,,,
,,23.06.2020,190.165,,190.165,1.268,5.001,27,162.848,1.315,3.029.635,42.982,893,362,,,,
,,24.06.2020,191.657,,191.657,1.492,5.025,24,164.234,1.386,3.083.121,53.486,914,356,,,,
,,25.06.2020,193.115,,193.115,1.458,5.046,21,165.706,1.472,3.135.424,52.303,941,369,,,,
,,26.06.2020,194.511,,194.511,1.396,5.065,19,167.198,1.492,3.186.622,51.198,963,382,,,,
,,27.06.2020,195.883,,195.883,1.372,5.082,17,169.182,1.984,3.231.835,45.213,984,366,,,,
,,28.06.2020,197.239,,197.239,1.356,5.097,15,170.595,1.413,3.280.144,48.309,996,381,,,,
,,29.06.2020,198.613,,198.613,1.374,5.115,18,171.809,1.214,3.331.158,51.014,1.018,375,,,,
,,30.06.2020,199.906,,199.906,1.293,5.131,16,173.111,1.302,3.381.650,50.492,1.026,368,,,,
,,01.07.2020,201.098,,201.098,1.192,5.150,19,175.422,2.311,3.433.963,52.313,1.035,362,,,,
,,02.07.2020,202.284,,202.284,1.186,5.167,17,176.965,1.543,3.483.677,49.714,1.067,372,,,,
,,03.07.2020,203.456,,203.456,1.172,5.186,19,178.278,1.313,3.535.818,52.141,1.082,374,,,,
,,04.07.2020,204.610,,204.610,1.154,5.206,20,179.492,1.214,3.584.066,48.248,1.093,378,,,,
,,05.07.2020,205.758,,205.758,1.148,5.225,19,180.680,1.188,3.630.480,46.414,1.127,392,,,,
,,06.07.2020,206.844,,206.844,1.086,5.241,16,182.995,2.315,3.682.673,52.193,1.130,395,,,,
,,07.07.2020,207.897,,207.897,1.053,5.260,19,185.292,2.297,3.733.218,50.545,1.152,400,,,,
,,08.07.2020,208.938,,208.938,1.041,5.282,22,187.511,2.219,3.782.520,49.302,1.172,406,,,,
,,09.07.2020,209.962,,209.962,1.024,5.300,18,190.390,2.879,3.832.623,50.103,1.179,399,,,,
,,10.07.2020,210.965,,210.965,1.003,5.323,23,191.883,1.493,3.881.410,48.787,1.182,402,,,,
,,11.07.2020,211.981,,211.981,1.016,5.344,21,193.217,1.334,3.930.223,48.813,1.194,401,,,,
,,12.07.2020,212.993,,212.993,1.012,5.363,19,194.515,1.298,3.975.455,45.232,1.209,409,,,,
,,13.07.2020,214.001,,214.001,1.008,5.382,19,195.671,1.156,4.021.947,46.492,1.223,402,,,,
,,14.07.2020,214.993,,214.993,992,5.402,20,196.720,1.049,4.065.178,43.231,1.204,396,,,,
,,15.07.2020,215.940,,215.940,947,5.419,17,197.733,1.013,4.107.498,42.320,1.206,401,,,,
,,16.07.2020,216.873,,216.873,933,5.440,21,198.820,1.087,4.149.909,42.411,1.213,394,,,,
,,17.07.2020,217.799,,217.799,926,5.458,18,199.834,1.014,4.191.124,41.215,1.226,402,,,,
,,18.07.2020,218.717,,218.717,918,5.475,17,201.013,1.179,4.232.067,40.943,1.231,394,,,,
,,19.07.2020,219.641,,219.641,924,5.491,16,202.010,997,4.273.377,41.310,1.246,398,,,,
,,20.07.2020,220.572,,220.572,931,5.508,17,203.002,992,4.316.781,43.404,1.243,385,,,,
,,21.07.2020,221.500,,221.500,928,5.526,18,204.011,1.009,4.359.627,42.846,1.246,379,,,,
,,22.07.2020,222.402,,222.402,902,5.545,19,205.214,1.203,4.403.031,43.404,1.244,381,,,,
,,23.07.2020,223.315,,223.315,913,5.563,18,206.365,1.151,4.446.374,43.343,1.251,378,,,,
,,24.07.2020,224.252,,224.252,937,5.580,17,207.374,1.009,4.489.360,42.986,1.248,379,,,,
,,25.07.2020,225.173,,225.173,921,5.596,16,208.477,1.103,4.532.672,43.312,1.252,386,,,,
,,26.07.2020,226.100,,226.100,927,5.613,17,209.487,1.010,4.572.688,40.016,1.249,387,,,,
,,27.07.2020,227.019,,227.019,919,5.630,17,210.469,982,4.617.971,45.283,1.263,392,,,,
,,28.07.2020,227.982,,227.982,963,5.645,15,211.561,1.092,4.665.383,47.412,1.280,403,,,,
,,29.07.2020,228.924,,228.924,942,5.659,14,212.557,996,4.711.095,45.712,,,542,,,
,,30.07.2020,229.891,,229.891,967,5.674,15,213.539,982,4.754.331,43.236,,,561,,,
,,31.07.2020,230.873,,230.873,982,5.691,17,214.535,996,4.800.823,46.492,,,582,,,
,,01.08.2020,231.869,,231.869,996,5.710,19,215.516,981,4.845.669,44.846,,,586,,,
,,02.08.2020,232.856,,232.856,987,5.728,18,216.494,978,4.885.916,40.247,,,582,,,
,,03.08.2020,233.851,,233.851,995,5.747,19,217.497,1.003,4.927.217,41.301,,,580,,,
,,04.08.2020,234.934,,234.934,1.083,5.765,18,218.491,994,4.973.466,46.249,,,583,,,
,,05.08.2020,236.112,,236.112,1.178,5.784,19,219.506,1.015,5.027.308,53.842,,,582,,,
,,06.08.2020,237.265,,237.265,1.153,5.798,14,220.546,1.040,5.081.802,54.494,,,580,,,
,,07.08.2020,238.450,,238.450,1.185,5.813,15,221.574,1.028,5.138.528,56.726,,,586,,,
,,08.08.2020,239.622,,239.622,1.172,5.829,16,222.656,1.082,5.202.370,63.842,,,587,,,
,,09.08.2020,240.804,,240.804,1.182,5.844,15,223.759,1.103,5.263.816,61.446,,,596,,,
,,10.08.2020,241.997,,241.997,1.193,5.858,14,224.970,1.211,5.326.035,62.219,,,603,,,
,,11.08.2020,243.180,,243.180,1.183,5.873,15,226.155,1.185,5.387.751,61.716,,,617,,,
,,12.08.2020,244.392,,244.392,1.212,5.891,18,227.089,934,5.454.988,67.237,,,632,,,
,,13.08.2020,245.635,,245.635,1.243,5.912,21,228.057,968,5.521.880,66.892,,,647,,,
,,14.08.2020,246.861,,246.861,1.226,5.934,22,228.980,923,5.592.072,70.192,,,656,,,
,,15.08.2020,248.117,,248.117,1.256,5.955,21,229.972,992,5.659.286,67.214,,,668,,,
,,16.08.2020,249.309,,249.309,1.192,5.974,19,230.969,997,5.725.242,65.956,,,679,,,
,,17.08.2020,250.542,,250.542,1.233,5.996,22,231.971,1.002,5.800.088,74.846,,,686,,,
,,18.08.2020,251.805,,251.805,1.263,6.016,20,232.913,942,5.882.406,82.318,,,703,,,
,,19.08.2020,253.108,,253.108,1.303,6.039,23,233.915,1.002,5.969.629,87.223,,,719,,,
,,20.08.2020,254.520,,254.520,1.412,6.058,19,234.797,882,6.061.930,92.301,,,735,,,
,,21.08.2020,255.723,,255.723,1.203,6.080,22,235.569,772,6.154.157,92.227,,,749,,,
,,22.08.2020,257.032,,257.032,1.309,6.102,22,236.370,801,6.247.164,93.007,,,762,,,
,,23.08.2020,258.249,,258.249,1.217,6.121,19,237.165,795,6.327.466,80.302,,,783,,,
,,24.08.2020,259.692,,259.692,1.443,6.139,18,237.908,743,6.423.409,95.943,,,796,,,
,,25.08.2020,261.194,,261.194,1.502,6.163,24,238.795,887,6.521.640,98.231,,,811,,,
,,26.08.2020,262.507,,262.507,1.313,6.183,20,239.797,1.002,6.621.749,100.109,,,841,,,
,,27.08.2020,263.998,,263.998,1.491,6.209,26,240.792,995,6.727.860,106.111,,,862,,,
,,28.08.2020,265.515,,265.515,1.517,6.245,36,241.809,1.017,6.835.674,107.814,,,896,,,
,,29.08.2020,267.064,,267.064,1.549,6.284,39,242.812,1.003,6.937.088,101.414,,,917,,,
,,30.08.2020,268.546,,268.546,1.482,6.326,42,243.839,1.027,7.028.390,91.302,,,945,,,
,,31.08.2020,270.133,,270.133,1.587,6.370,44,244.926,1.087,7.138.492,110.102,,,961,,,
,,01.09.2020,271.705,,271.705,1.572,6.417,47,245.929,1.003,7.247.935,109.443,,,991,,,
,,02.09.2020,273.301,,273.301,1.596,6.462,45,246.876,947,7.355.862,107.927,,,1.017,,,
,,03.09.2020,274.943,,274.943,1.642,6.511,49,248.087,1.211,7.466.087,110.225,,,1.041,,,
,,04.09.2020,276.555,,276.555,1.612,6.564,53,249.108,1.021,7.583.200,117.113,,,1.076,,,
,,05.09.2020,278.228,,278.228,1.673,6.620,56,250.092,984,7.682.697,99.497,,,1.091,,,
,,06.09.2020,279.806,,279.806,1.578,6.673,53,251.105,1.013,7.779.539,96.842,,,1.102,,,
,,07.09.2020,281.509,,281.509,1.703,6.730,57,252.152,1.047,7.883.464,103.925,,,1.118,,,
,,08.09.2020,283.270,,283.270,1.761,6.782,52,253.245,1.093,7.994.029,110.565,,,1.159,,,
,,09.09.2020,284.943,,284.943,1.673,6.837,55,254.188,943,8.105.222,111.193,,,1.181,,,
,,10.09.2020,286.455,,286.455,1.512,6.895,58,255.407,1.219,8.212.924,107.702,,,1.209,,,
,,11.09.2020,288.126,,288.126,1.671,6.951,56,256.524,1.117,8.325.137,112.213,,,1.223,,,
,,12.09.2020,289.635,,289.635,1.509,6.999,48,257.731,1.207,8.423.463,98.326,,,1.241,,,
,,13.09.2020,291.162,,291.162,1.527,7.056,57,258.833,1.102,8.519.560,96.097,,,1.267,,,
,,14.09.2020,292.878,,292.878,1.716,7.119,63,260.058,1.225,8.632.123,112.563,,,1.301,,,
,,15.09.2020,294.620,,294.620,1.742,7.186,67,261.260,1.202,8.742.535,110.412,,,1.327,,,
,,16.09.2020,296.391,,296.391,1.771,7.249,63,262.602,1.342,8.855.180,112.645,,,1.351,,,
,,17.09.2020,298.039,,298.039,1.648,7.315,66,263.745,1.143,8.965.165,109.985,,,1.372,,,
,,18.09.2020,299.810,,299.810,1.771,7.377,62,264.805,1.060,9.076.278,111.113,,,1.402,,,
,,19.09.2020,301.348,,301.348,1.538,7.445,68,266.117,1.312,9.173.694,97.416,,,1.432,,,
,,20.09.2020,302.867,,302.867,1.519,7.506,61,267.233,1.116,9.269.015,95.321,,,1.456,,,
,,21.09.2020,304.610,,304.610,1.743,7.574,68,268.435,1.202,9.381.957,112.942,,,1.491,,,
,,22.09.2020,306.302,,306.302,1.692,7.639,65,269.696,1.261,9.496.268,114.311,,,1.522,,,
,,23.09.2020,308.069,,308.069,1.767,7.711,72,270.723,1.027,9.608.370,112.102,,,1.561,,,
,,24.09.2020,309.790,,309.790,1.721,7.785,74,271.964,1.241,9.721.687,113.317,,,1.573,,,
,,25.09.2020,311.455,,311.455,1.665,7.858,73,273.282,1.318,9.834.572,112.885,,,1.601,,,
,,26.09.2020,312.966,,312.966,1.511,7.929,71,274.514,1.232,9.936.581,102.009,,,1.615,,,
,,27.09.2020,314.433,,314.433,1.467,7.997,68,275.630,1.116,10.037.700,101.119,,,1.583,,,
,,28.09.2020,315.845,,315.845,1.412,8.062,65,277.052,1.422,10.153.223,115.523,,,1.596,,,
,,29.09.2020,317.272,,317.272,1.427,8.130,68,278.504,1.452,10.268.163,114.940,,,1.583,,,
,,30.09.2020,318.663,,318.663,1.391,8.195,65,279.749,1.245,10.380.261,112.098,,,1.516,,,
,,01.10.2020,320.070,,320.070,1.407,8.262,67,281.151,1.402,10.493.807,113.546,,,1.507,,,
,,02.10.2020,321.512,,321.512,1.442,8.325,63,282.657,1.506,10.608.664,114.857,,,1.455,,,
,,03.10.2020,323.014,,323.014,1.502,8.384,59,283.868,1.211,10.711.883,103.219,,,1.470,,,
,,04.10.2020,324.443,,324.443,1.429,8.441,57,285.050,1.182,10.816.285,104.402,,,1.475,,,
,,05.10.2020,326.046,,326.046,1.603,8.498,57,286.370,1.320,10.931.917,115.632,,,1.412,,,
,,06.10.2020,327.557,,327.557,1.511,8.553,55,287.599,1.229,11.044.338,112.421,,,1.414,,,
,,07.10.2020,329.138,,329.138,1.581,8.609,56,288.954,1.355,11.160.946,116.608,,,1.411,,,
,,08.10.2020,330.753,,330.753,1.615,8.667,58,290.352,1.398,11.278.047,117.101,,,1.403,,,
,,09.10.2020,332.382,,332.382,1.629,8.722,55,291.754,1.402,11.393.342,115.295,,,1.398,,,
,,10.10.2020,334.031,,334.031,1.649,8.778,56,293.145,1.391,11.506.444,113.102,,,1.414,,,
,,11.10.2020,335.533,,335.533,1.502,8.837,59,294.357,1.212,11.615.745,109.301,,,1.411,,,
,,12.10.2020,337.147,,337.147,1.614,8.895,58,295.658,1.301,11.731.350,115.605,,,1.417,,,
,,13.10.2020,338.779,,338.779,1.632,8.957,62,296.972,1.314,11.846.342,114.992,,,1.416,,,
,,14.10.2020,340.450,,340.450,1.671,9.014,57,298.368,1.396,11.961.670,115.328,,,1.418,,,
,,15.10.2020,342.143,,342.143,1.693,9.080,66,299.679,1.311,12.077.773,116.103,,,1.408,,,
,,16.10.2020,343.955,,343.955,1.812,9.153,73,301.098,1.419,12.194.778,117.005,,,1.445,,,
,,17.10.2020,345.678,,345.678,1.723,9.224,71,302.499,1.401,12.306.909,112.131,,,1.428,,,
,,18.10.2020,347.493,,347.493,1.815,9.296,72,304.003,1.504,12.408.312,101.403,,,1.427,,,
,,19.10.2020,349.519,,349.451,1.958,9.371,75,305.427,1.424,12.524.561,116.249,,,1.447,,,
,,20.10.2020,351.413,,351.345,1.894,9.445,74,306.939,1.512,12.641.126,116.565,,,1.545,,,
,,21.10.2020,353.426,,353.358,2.013,9.513,68,308.446,1.507,12.759.069,117.943,,,1.504,,,
,,22.10.2020,355.528,,355.460,2.102,9.584,71,310.027,1.581,12.876.267,117.198,,,1.599,,,
,,23.10.2020,357.693,,357.625,2.165,9.658,74,311.520,1.493,12.992.246,115.979,,,1.648,,,
,,24.10.2020,359.784,,359.716,2.091,9.727,69,313.093,1.573,13.105.673,113.427,,,1.699,,,
,,25.10.2020,361.801,,361.733,2.017,9.799,72,314.390,1.297,13.217.888,112.215,,,1.744,,,
,,26.10.2020,363.999,,363.931,2.198,9.874,75,316.008,1.618,13.350.801,132.913,,,1.780,,,
,,27.10.2020,366.208,,366.140,2.209,9.950,76,317.519,1.511,13.478.452,127.651,,,1.827,,,
,,28.10.2020,368.513,,368.445,2.305,10.027,77,319.181,1.662,13.606.764,128.312,,,1.836,,,
,,29.10.2020,370.832,,370.764,2.319,10.099,72,320.762,1.581,13.741.180,134.416,,,1.916,,,
,,30.10.2020,373.154,,373.086,2.322,10.177,78,322.465,1.703,13.877.705,136.525,,,1.966,,,
,,31.10.2020,375.367,,375.299,2.213,10.252,75,323.971,1.506,14.001.814,124.109,,,2.075,,,
,,01.11.2020,377.473,,377.405,2.106,10.326,74,325.486,1.515,14.125.157,123.343,,,2.177,,,
,,02.11.2020,379.775,,379.707,2.302,10.402,76,327.007,1.521,14.264.260,139.103,,,2.341,,,
,,03.11.2020,382.118,,382.050,2.343,10.481,79,328.824,1.817,14.410.507,146.247,,,2.386,,,
,,04.11.2020,384.509,,384.441,2.391,10.558,77,330.665,1.841,14.554.923,144.416,,,2.464,,,
,,05.11.2020,386.820,,386.752,2.311,10.639,81,332.379,1.714,14.700.951,146.028,,,2.564,,,
,,06.11.2020,389.256,,389.188,2.436,10.722,83,334.293,1.914,14.846.192,145.241,,,2.654,,,
,,07.11.2020,391.739,,391.671,2.483,10.803,81,336.221,1.928,14.985.867,139.675,,,2.730,,,
,,08.11.2020,394.255,,394.187,2.516,10.887,84,338.239,2.018,15.127.811,141.944,,,2.740,,,
,,09.11.2020,396.831,,396.763,2.576,10.972,85,340.286,2.047,15.273.222,145.411,,,2.867,,,
,,10.11.2020,399.360,,399.292,2.529,11.059,87,342.501,2.215,15.419.420,146.198,,,3.001,,,
,,11.11.2020,402.053,,401.985,2.693,11.145,86,344.613,2.112,15.565.409,145.989,,,3.095,,,
,,12.11.2020,404.894,,404.826,2.841,11.233,88,346.794,2.181,15.713.891,148.482,,,3.230,,,
,,13.11.2020,407.939,,407.871,3.045,11.326,93,348.804,2.010,15.863.833,149.942,,,3.356,,,
,,14.11.2020,411.055,,410.987,3.116,11.418,92,351.102,2.298,16.013.974,150.141,,,3.423,,,
,,15.11.2020,414.278,,414.210,3.223,11.507,89,353.663,2.561,16.156.470,142.496,,,3.439,,,
,,16.11.2020,417.594,,417.526,3.316,11.601,94,356.375,2.712,16.307.986,151.516,,,3.610,,,
,,17.11.2020,421.413,,421.345,3.819,11.704,103,359.063,2.688,16.464.678,156.692,,,3.657,,,
,,18.11.2020,425.628,,425.560,4.215,11.820,116,361.655,2.592,16.623.489,158.811,,,3.742,,,
,,19.11.2020,430.170,,430.102,4.542,11.943,123,364.573,2.918,16.781.245,157.756,,,3.850,,,
,,20.11.2020,435.273,,435.205,5.103,12.084,141,367.592,3.019,16.937.887,156.642,,,3.990,,,
,,21.11.2020,440.805,,440.737,5.532,12.219,135,370.825,3.233,17.090.101,152.214,,,4.121,,,
,,22.11.2020,446.822,,446.754,6.017,12.358,139,374.637,3.812,17.245.617,155.516,,,4.217,,,
,,23.11.2020,453.535,,453.467,6.713,12.511,153,377.891,3.254,17.406.742,161.125,,,4.409,,,
,,24.11.2020,460.916,,460.848,7.381,12.672,161,381.569,3.678,17.568.973,162.231,,,4.543,,,
,,25.11.2020,467.730,28.351,467.662,6.814,12.840,168,385.480,3.911,17.733.520,164.547,,,4.641,,,
,,26.11.2020,474.606,29.132,474.538,6.876,13.014,174,388.771,3.291,17.901.868,168.348,,,4.711,,,
,,27.11.2020,481.198,29.845,481.130,6.592,13.191,177,392.616,3.845,18.072.981,171.113,,,4.816,,,
,,28.11.2020,487.912,30.103,487.844,6.714,13.373,182,396.227,3.611,18.247.424,174.443,,,4.903,,,
,,29.11.2020,494.351,29.281,494.283,6.439,13.558,185,400.242,4.015,18.415.636,168.212,,,5.011,,,
,,30.11.2020,500.865,31.219,500.797,6.514,13.746,188,404.727,4.485,18.592.292,176.656,,,5.190,,,
,,01.12.2020,506.966,30.110,506.898,6.101,13.936,190,409.320,4.593,18.772.604,180.312,,,5.303,,,
,,02.12.2020,513.656,31.923,513.588,6.690,14.129,193,414.141,4.821,18.956.228,183.624,,,5.502,,,
,,03.12.2020,520.167,32.381,520.099,6.511,14.316,187,418.331,4.190,19.143.746,187.518,,,5.611,,,
,,04.12.2020,527.070,32.736,527.002,6.903,14.509,193,423.142,4.811,19.338.181,194.435,,,5.703,,,
,,05.12.2020,533.198,31.896,533.130,6.128,14.705,196,427.242,4.100,19.517.084,178.903,,,5.800,,,
,,06.12.2020,539.291,30.402,539.223,6.093,14.900,195,431.253,4.011,19.691.845,174.761,,,5.805,,,
,,07.12.2020,545.711,32.137,545.643,6.420,15.103,203,436.270,5.017,19.888.747,196.902,,,5.836,,,
,,08.12.2020,552.304,33.198,552.236,6.593,15.314,211,441.515,5.245,20.089.966,201.219,,,5.882,,,
,,09.12.2020,558.517,31.712,558.449,6.213,15.531,217,447.361,5.846,20.294.377,204.411,,,5.901,,,
,,10.12.2020,1.748.567,30.424,564.367,5.918,15.751,220,452.593,5.232,20.500.579,206.202,,,5.943,,,
,,11.12.2020,1.780.673,32.106,569.974,5.607,15.977,226,458.109,5.516,20.709.452,208.873,,,5.952,,,
,,12.12.2020,1.809.809,29.136,575.177,5.203,16.199,222,1.581.565,20.191,20.898.517,189.065,,,5.961,,,
,,13.12.2020,1.836.728,26.919,580.280,5.103,16.417,218,1.603.780,22.215,21.079.716,181.199,,,5.973,,,
,,14.12.2020,1.866.345,29.617,585.344,5.064,16.646,229,1.631.944,28.164,21.284.005,204.289,,,5.980,,,
,,15.12.2020,1.898.447,29.247,590.449,5.105,16.881,235,1.661.191,29.247,21.490.195,206.190,,,5.988,,,
,,16.12.2020,1.928.165,29.718,595.342,4.893,17.121,240,1.691.113,29.922,21.695.592,205.397,,,5.960,,,
,,17.12.2020,1.955.680,27.515,599.551,4.209,17.364,243,1.721.607,30.494,21.901.694,206.102,,,5.803,,,
,,18.12.2020,1.982.090,26.410,603.654,4.103,17.610,246,1.753.552,31.945,22.107.503,205.809,,,5.707,,,
,,19.12.2020,2.004.285,22.195,607.656,4.002,17.851,241,1.779.068,25.516,22.280.635,173.132,,,5.501,,,
,,20.12.2020,2.024.601,20.316,611.202,3.546,18.097,246,1.800.286,21.218,22.439.527,158.892,,,5.347,,,
,,21.12.2020,2.043.704,19.103,614.614,3.412,18.351,254,1.835.705,35.419,22.635.637,196.110,,,5.192,,,
,,22.12.2020,2.062.960,19.256,617.923,3.309,18.602,251,1.866.815,31.110,22.827.953,192.316,,,5.008,,,
,,23.12.2020,2.082.610,19.650,621.115,3.192,18.861,259,1.901.307,34.492,23.030.162,202.209,,,4.901,,,
,,24.12.2020,2.100.712,18.102,624.333,3.218,19.115,254,1.935.292,33.985,23.225.837,195.675,,,4.805,,,
,,25.12.2020,2.118.255,17.543,627.532,3.199,19.371,256,1.970.803,35.511,23.426.941,201.104,,,4.702,,,
,,26.12.2020,2.133.373,15.118,630.534,3.002,19.624,253,1.994.034,23.231,23.605.813,178.872,,,4.501,,,
,,27.12.2020,2.147.578,14.205,633.340,2.806,19.878,254,2.015.230,21.196,23.777.926,172.113,,,4.309,,,
,,28.12.2020,2.162.775,15.197,636.156,2.816,20.135,257,2.037.433,22.203,23.958.818,180.892,,,4.251,,,
,,29.12.2020,2.178.580,15.805,638.939,2.783,20.388,253,2.058.437,21.004,24.141.935,183.117,,,4.191,,,
,,30.12.2020,2.194.272,15.692,641.551,2.612,20.642,254,2.078.629,20.192,24.326.350,184.415,,,4.098,,,
,,31.12.2020,2.208.652,14.380,643.770,2.219,20.881,239,2.100.650,22.021,24.504.567,178.217,,,3.918,,,
,,01.01.2021,2.220.855,12.203,645.678,1.908,21.093,212,2.114.760,14.110,24.662.670,158.103,,,3.891,,,
,,02.01.2021,2.232.035,11.180,647.391,1.713,21.295,202,2.126.432,11.672,24.811.888,149.218,,,3.764,,,
,,03.01.2021,2.241.912,9.877,648.906,1.515,21.488,193,2.136.534,10.102,24.950.829,138.941,,,3.612,,,
,,04.01.2021,2.255.607,13.695,650.414,1.508,21.685,197,2.146.430,9.896,25.132.152,181.323,,,3.522,,,
,,05.01.2021,2.270.101,14.494,651.891,1.477,21.879,194,2.155.338,8.908,25.315.565,183.413,,,3.410,,,
,,06.01.2021,2.283.931,13.830,653.349,1.458,22.070,191,2.164.040,8.702,25.498.210,182.645,,,3.303,,,
,,07.01.2021,2.296.102,12.171,654.719,1.370,22.264,194,2.172.251,8.211,25.681.213,183.003,,,3.201,,,
,,08.01.2021,2.307.581,11.479,656.010,1.291,22.450,186,2.182.145,9.894,25.865.406,184.193,,,3.094,,,
,,09.01.2021,2.317.118,9.537,657.113,1.103,22.631,181,2.190.047,7.902,26.033.695,168.289,,,2.903,,,
,,10.01.2021,2.326.256,9.138,658.130,1.017,22.807,176,2.198.150,8.103,26.196.481,162.786,,,2.811,,,
,,11.01.2021,2.336.476,10.220,659.133,1.003,22.981,174,2.208.451,10.301,26.376.784,180.303,,,2.783,,,
,,12.01.2021,2.346.285,9.809,660.116,983,23.152,171,2.218.464,10.013,26.555.992,179.208,,,2.701,,,
,,13.01.2021,2.355.839,9.554,661.087,971,23.325,173,2.227.927,9.463,26.729.595,173.603,,,2.652,,,
,,14.01.2021,2.364.801,8.962,662.045,958,23.495,170,2.236.938,9.011,26.899.442,169.847,,,2.512,,,
,,15.01.2021,2.373.115,8.314,662.966,921,23.664,169,2.246.047,9.109,27.066.653,167.211,,,2.311,,,
,,16.01.2021,2.380.665,7.550,663.868,902,23.832,168,2.254.052,8.005,27.223.445,156.792,,,2.265,,,
,,17.01.2021,2.387.101,6.436,664.671,803,23.997,165,2.262.864,8.812,27.372.081,148.636,,,2.201,,,
,,18.01.2021,2.392.963,5.862,665.420,749,24.161,164,2.270.769,7.905,27.523.423,151.342,,,2.183,,,
,,19.01.2021,2.399.781,6.818,666.181,761,24.328,167,2.277.987,7.218,27.698.556,175.133,,,2.162,,,
,,20.01.2021,2.406.216,6.435,666.933,752,24.487,159,2.283.919,5.932,27.867.450,168.894,,,2.102,,,
,,21.01.2021,2.412.505,6.289,667.676,743,24.640,153,2.290.032,6.113,28.032.559,165.109,,,2.074,,,
,,22.01.2021,2.418.472,5.967,668.410,734,24.789,149,2.296.050,6.018,28.195.901,163.342,,,2.003,,,
,,23.01.2021,2.424.328,5.856,669.133,723,24.933,144,2.301.861,5.811,28.348.659,152.758,,,1.962,,,
,,24.01.2021,2.429.605,5.277,669.817,684,25.073,140,2.307.721,5.860,28.497.084,148.425,,,1.905,,,
,,25.01.2021,2.435.247,5.642,670.488,671,25.210,137,2.134.403,-173.318,28.648.193,151.109,,,1.808,,,
,,26.01.2021,2.442.350,7.103,671.169,681,25.344,134,2.322.511,188.108,28.828.496,180.303,,,1.791,,,
,,27.01.2021,2.449.839,7.489,671.844,675,25.476,132,2.331.314,8.803,29.007.915,179.419,,,1.765,,,
,,28.01.2021,2.457.118,7.279,672.514,670,25.605,129,2.340.216,8.902,29.181.125,173.210,,,1.751,,,
,,29.01.2021,2.464.030,6.912,673.178,664,25.736,131,2.348.309,8.093,29.346.219,165.094,,,1.740,,,
,,30.01.2021,2.470.901,6.871,673.836,658,25.865,129,2.355.409,7.100,29.495.004,148.785,,,1.692,,,
,,31.01.2021,2.477.463,6.562,674.477,641,25.993,128,2.362.415,7.006,29.631.422,136.418,,,1.634,,,
,,01.02.2021,2.485.182,7.719,675.113,636,26.117,124,2.370.431,8.016,29.773.125,141.703,,,1.615,,,
,,02.02.2021,2.492.977,7.795,675.743,630,26.237,120,2.379.070,8.639,29.913.245,140.120,,,1.592,,,
,,03.02.2021,2.501.079,8.102,676.375,632,26.354,117,2.387.384,8.314,30.061.437,148.192,,,1.523,,,
,,04.02.2021,2.508.988,7.909,677.002,627,26.467,113,2.396.199,8.815,30.206.504,145.067,,,1.501,,,
,,05.02.2021,2.516.889,7.901,677.622,620,26.577,110,2.404.416,8.217,30.349.042,142.538,,,1.423,,,
,,06.02.2021,2.524.786,7.897,678.240,618,26.685,108,2.412.505,8.089,30.486.691,137.649,,,1.337,,,
,,07.02.2021,2.531.456,6.670,678.863,623,26.797,112,2.440.706,28.201,30.616.406,129.715,,,1.317,,,
,,08.02.2021,2.539.559,8.103,679.495,632,26.900,103,2.449.273,8.567,30.755.784,139.378,,,1.310,,,
,,09.02.2021,2.548.195,8.636,680.154,659,26.998,98,2.437.382,-11.891,30.893.496,137.712,,,1.310,,,
,,10.02.2021,2.556.837,8.642,680.818,664,27.093,95,2.445.285,7.903,31.029.363,135.867,,,1.308,,,
,,11.02.2021,2.564.427,7.590,681.478,660,27.187,94,2.453.096,7.811,31.159.676,130.313,,,1.256,,,
,,12.02.2021,2.572.190,7.763,682.145,667,27.284,97,2.461.204,8.108,31.289.306,129.630,,,1.250,,,
,,13.02.2021,2.579.896,7.706,682.816,671,27.377,93,2.468.419,7.215,31.412.611,123.305,,,1.235,,,
,,14.02.2021,2.586.183,6.287,683.482,666,27.471,94,2.475.329,6.910,31.516.719,104.108,,,1.230,,,
,,15.02.2021,2.594.128,7.945,684.142,660,27.562,91,2.482.435,7.106,31.633.171,116.452,,,1.232,,,
,,16.02.2021,2.602.034,7.906,684.800,658,27.652,90,2.489.624,7.189,31.748.965,115.794,,,1.201,,,
,,17.02.2021,2.609.359,7.325,685.449,649,27.738,86,2.496.833,7.209,31.866.086,117.121,,,1.193,,,
,,18.02.2021,2.616.600,7.241,686.089,640,27.821,83,2.504.050,7.217,31.981.492,115.406,,,1.187,,,
,,19.02.2021,2.624.019,7.419,686.727,638,27.903,82,2.511.548,7.498,32.098.166,116.674,,,1.185,,,
,,20.02.2021,2.631.876,7.857,687.362,635,27.983,80,2.518.758,7.210,32.217.077,118.911,,,1.180,,,
,,21.02.2021,2.638.422,6.546,687.963,601,28.060,77,2.523.760,5.002,32.318.182,101.105,,,1.185,,,
,,22.02.2021,2.646.526,8.104,688.586,623,28.138,78,2.529.450,5.690,32.436.998,118.816,,,1.189,,,
,,23.02.2021,2.655.633,9.107,689.219,633,28.213,75,2.534.996,5.546,32.560.732,123.734,,,1.185,,,
,,24.02.2021,2.665.194,9.561,689.879,660,28.285,72,2.540.293,5.297,32.684.747,124.015,,,1.200,,,
,,25.02.2021,2.674.766,9.572,690.537,658,28.358,73,2.546.503,6.210,32.811.274,126.527,,,1.192,,,
,,26.02.2021,2.683.971,9.205,691.186,649,28.432,74,2.556.785,10.282,32.939.661,128.387,,,1.195,,,
,,27.02.2021,2.693.164,9.193,691.807,621,28.503,71,2.565.723,8.938,33.065.377,125.716,,,1.187,,,
,,28.02.2021,2.701.588,8.424,692.417,610,28.569,66,2.572.234,6.511,33.175.016,109.639,,,1.191,,,
,,01.03.2021,2.711.479,9.891,693.062,645,28.638,69,2.578.181,5.947,33.305.552,130.536,,,1.215,,,
,,02.03.2021,2.723.316,11.837,693.730,668,28.706,68,2.586.073,7.892,33.440.843,135.291,,,1.227,,,
,,03.03.2021,2.734.836,11.520,694.419,689,28.771,65,2.593.264,7.191,33.578.861,138.018,,,1.224,,,
,,04.03.2021,2.746.158,11.322,695.104,685,28.839,68,2.601.137,7.873,33.716.746,137.885,,,1.220,,,
,,05.03.2021,2.757.460,11.302,695.802,698,28.901,62,2.608.848,7.711,33.854.960,138.214,,,1.232,,,
,,06.03.2021,2.769.230,11.770,696.504,702,28.965,64,2.616.139,7.291,33.993.552,138.592,,,1.230,,,
,,07.03.2021,2.780.417,11.187,697.239,735,29.030,65,2.623.924,7.785,34.122.851,129.299,,,1.261,,,
,,08.03.2021,2.793.632,13.215,698.006,767,29.094,64,2.632.030,8.106,34.262.280,139.429,,,1.239,,,
,,09.03.2021,2.807.387,13.755,698.807,801,29.160,66,2.640.669,8.639,34.403.108,140.828,,,1.289,,,
,,10.03.2021,2.821.943,14.556,699.621,814,29.227,67,2.649.862,9.193,34.548.238,145.130,,,1.309,,,
,,11.03.2021,2.835.989,14.046,700.442,821,29.290,63,2.659.093,9.231,34.694.624,146.386,,,1.310,,,
,,12.03.2021,2.850.930,14.941,701.276,834,29.356,66,2.670.273,11.180,34.843.480,148.856,,,1.349,,,
,,13.03.2021,2.866.012,15.082,702.117,841,29.421,65,2.685.560,15.287,34.993.578,150.098,,,1.350,,,
,,14.03.2021,2.879.390,13.378,702.969,852,29.489,68,2.701.076,15.516,35.126.003,132.425,,,1.392,,,
,,15.03.2021,2.894.893,15.503,703.827,858,29.552,63,2.716.969,15.893,35.277.116,151.113,,,1.425,,,
,,16.03.2021,2.911.642,16.749,704.701,874,29.623,71,2.734.862,17.893,35.435.502,158.386,,,1.474,,,
,,17.03.2021,2.930.554,18.912,705.570,869,29.696,73,2.752.023,17.161,35.603.028,167.526,,,1.484,,,
,,18.03.2021,2.950.603,20.049,706.472,902,29.777,81,2.770.638,18.615,35.787.480,184.452,,,1.503,,,
,,19.03.2021,2.971.633,21.030,707.406,934,29.864,87,2.788.757,18.119,35.975.339,187.859,,,1.547,,,
,,20.03.2021,2.992.694,21.061,708.364,958,29.959,95,2.807.572,18.815,36.165.468,190.129,,,1.538,,,
,,21.03.2021,3.013.122,20.428,709.329,965,30.061,102,2.825.187,17.615,36.355.374,189.906,,,1.568,,,
,,22.03.2021,3.035.338,22.216,710.310,981,30.178,117,2.844.681,19.494,36.556.589,201.215,,,1.644,,,
,,23.03.2021,3.061.520,26.182,711.316,1.006,30.316,138,2.863.882,19.201,36.768.437,211.848,,,1.710,,,
,,24.03.2021,3.091.282,29.762,712.458,1.142,30.462,146,2.881.643,17.761,36.990.175,221.738,,,1.720,,,
,,25.03.2021,3.120.013,28.731,713.668,1.210,30.619,157,2.900.829,19.186,37.212.928,222.753,,,1.790,,,
,,26.03.2021,3.149.094,29.081,714.921,1.253,30.772,153,2.921.037,20.208,37.433.913,220.985,,,1.810,,,
,,27.03.2021,3.179.115,30.021,716.202,1.281,30.923,151,2.939.929,18.892,37.657.127,223.214,,,1.886,,,
,,28.03.2021,3.208.173,29.058,717.507,1.305,31.076,153,2.957.093,17.164,37.877.236,220.109,,,1.968,,,
,,29.03.2021,3.240.577,32.404,718.832,1.325,31.230,154,2.975.108,18.015,38.102.747,225.511,,,1.998,,,
,,30.03.2021,3.277.880,37.303,720.208,1.376,31.385,155,2.995.033,19.925,38.338.045,235.298,,,2.054,,,
,,31.03.2021,3.317.182,39.302,721.609,1.401,31.537,152,3.014.226,19.193,38.578.057,240.012,,,2.082,,,
,,01.04.2021,3.357.988,40.806,723.033,1.424,31.713,176,3.035.043,20.817,38.821.795,243.738,,,2.135,,,
,,02.04.2021,3.400.296,42.308,724.504,1.471,31.892,179,3.059.462,24.419,39.070.763,248.968,,,2.182,,,
,,03.04.2021,3.445.052,44.756,725.987,1.483,32.078,186,3.082.676,23.214,39.319.889,249.126,,,2.231,,,
,,04.04.2021,3.487.050,41.998,727.495,1.508,32.263,185,3.105.350,22.674,39.566.099,246.210,,,2.311,,,
,,05.04.2021,3.529.601,42.551,729.201,1.706,32.456,193,3.130.977,25.627,39.811.595,245.496,,,2.407,,,
,,06.04.2021,3.579.185,49.584,731.204,2.003,32.667,211,3.159.475,28.498,40.083.142,271.547,,,2.477,,,
,,07.04.2021,3.633.925,54.740,733.407,2.203,32.943,276,3.194.978,35.503,40.385.250,302.108,,,2.604,,,
,,08.04.2021,3.689.866,55.941,735.723,2.316,33.201,258,3.232.892,37.914,40.689.742,304.492,,,2.615,,,
,,09.04.2021,3.745.657,55.791,738.131,2.408,33.454,253,3.268.678,35.786,40.994.845,305.103,,,2.658,,,
,,10.04.2021,3.798.333,52.676,740.628,2.497,33.702,248,3.301.217,32.539,41.297.580,302.735,,,2.739,,,
,,11.04.2021,3.849.011,50.678,743.176,2.548,33.939,237,3.331.411,30.194,41.591.854,294.274,,,2.824,,,
,,12.04.2021,3.903.573,54.562,745.847,2.671,34.182,243,3.372.629,41.218,41.892.922,301.068,,,2.891,,,
,,13.04.2021,3.962.760,59.187,748.570,2.723,34.455,273,3.424.733,52.104,42.199.485,306.563,,,2.951,,,
,,14.04.2021,4.025.557,62.797,751.372,2.802,34.734,279,3.480.146,55.413,42.509.905,310.420,,,3.018,,,
,,15.04.2021,4.086.957,61.400,754.217,2.845,35.031,297,3.535.040,54.894,42.828.122,318.217,,,3.080,,,
,,16.04.2021,4.150.039,63.082,757.132,2.915,35.320,289,3.591.550,56.510,43.148.200,320.078,,,3.205,,,
,,17.04.2021,4.212.645,62.606,760.105,2.973,35.608,288,3.643.734,52.184,43.467.516,319.316,,,3.240,,,
,,18.04.2021,4.268.447,55.802,763.206,3.101,35.926,318,3.687.590,43.856,43.768.759,301.243,,,3.275,,,
,,19.04.2021,4.323.596,55.149,766.068,2.862,36.267,341,3.736.537,48.947,44.087.628,318.869,,,3.319,,,
,,20.04.2021,4.384.624,61.028,768.963,2.895,36.613,346,3.792.129,55.592,44.409.756,322.128,,,3.375,,,
,,21.04.2021,4.446.591,61.967,771.895,2.932,36.975,362,3.844.342,52.213,44.728.595,318.839,,,3.398,,,
,,22.04.2021,4.501.382,54.791,775.023,3.128,37.329,354,3.909.935,65.593,45.040.704,312.109,,,3.463,,,
,,23.04.2021,4.550.820,49.438,778.112,3.089,37.672,343,3.970.111,60.176,45.342.795,302.091,,,3.475,,,
,,24.04.2021,4.591.416,40.596,781.017,2.905,38.011,339,4.022.408,52.297,45.623.978,281.183,,,3.511,,,
,,25.04.2021,4.629.969,38.553,783.818,2.801,38.358,347,4.073.644,51.236,45.884.258,260.280,,,3.590,,,
,,26.04.2021,4.667.281,37.312,786.534,2.716,38.711,353,4.121.671,48.027,46.153.151,268.893,,,3.563,,,
,,27.04.2021,4.710.582,43.301,789.237,2.703,39.057,346,4.167.263,45.592,46.435.343,282.192,,,3.549,,,
,,28.04.2021,4.751.026,40.444,791.965,2.728,39.398,341,4.212.461,45.198,46.718.604,283.261,,,3.558,,,
,,29.04.2021,4.788.700,37.674,794.680,2.715,39.737,339,4.255.714,43.253,46.996.712,278.108,,,3.581,,,
,,30.04.2021,4.820.591,31.891,797.353,2.673,40.131,394,4.323.897,68.183,47.261.999,265.287,,,3.534,,,
,,01.05.2021,4.849.408,28.817,799.968,2.615,40.504,373,4.405.199,81.302,47.504.193,242.194,,,3.525,,,
,,02.05.2021,4.875.388,25.980,802.555,2.587,40.844,340,4.480.381,75.182,47.744.338,240.145,,,3.532,,,
,,03.05.2021,4.900.121,24.733,805.056,2.501,41.191,347,4.515.819,35.438,47.987.986,243.648,,,3.438,,,
,,04.05.2021,4.929.118,28.997,807.539,2.483,41.527,336,4.554.037,38.218,48.229.733,241.747,,,3.452,,,
,,05.05.2021,4.955.594,26.476,809.953,2.414,41.883,356,4.589.501,35.464,48.459.224,229.491,,,3.418,,,
,,06.05.2021,4.977.982,22.388,812.354,2.401,42.187,304,4.626.799,37.298,48.712.606,253.382,,,3.378,,,
,,07.05.2021,4.998.089,20.107,07.05.2021,2.210,42.465,278,4.662.328,35.529,48.963.800,251.194,,,3.260,"53,10%","68,20%","33,80%"
,,08.05.2021,5.016.141,18.052,08.05.2021,2.178,42.746,281,4.691.224,28.896,49.192.673,228.873,,,3.175,"53,10%","68,20%","33,80%"
,,09.05.2021,5.031.332,15.191,09.05.2021,2.102,43.029,283,4.716.918,25.694,49.390.141,197.468,,,3.081,"53,10%","68,20%","33,80%"
,,10.05.2021,5.044.936,13.604,10.05.2021,1.734,43.311,282,4.743.871,26.953,49.604.004,213.863,,,2.983,"43,70%","65,00%","32,40%"
,,11.05.2021,5.059.433,14.497,11.05.2021,1.582,43.589,278,4.766.124,22.253,49.830.456,226.452,,,2.975,"43,70%","65,00%","32,40%"
,,12.05.2021,5.072.462,13.029,12.05.2021,1.496,43.821,232,4.801.291,35.167,50.058.648,228.192,,,2.827,"43,70%","65,00%","32,40%"
,,13.05.2021,5.083.996,11.534,13.05.2021,1.217,44.059,238,4.856.763,55.472,50.259.943,201.295,,,2.765,"43,70%","65,00%","32,40%"
,,14.05.2021,5.095.390,11.394,14.05.2021,1.102,44.301,242,4.894.024,37.261,50.463.016,203.073,,,2.670,"43,70%","65,00%","32,40%"
,,15.05.2021,5.106.862,11.472,15.05.2021,1.084,44.537,236,4.932.838,38.814,50.667.653,204.637,,,2.563,"43,70%","65,00%","32,40%"
,,16.05.2021,5.117.374,10.512,16.05.2021,920,44.760,223,4.947.256,14.418,50.869.896,202.243,,,2.468,"43,70%","65,00%","32,40%"
,,17.05.2021,5.127.548,10.174,17.05.2021,923,44.983,223,4.961.120,13.864,51.076.732,206.836,,,2.326,"45,50%","62,50%","30,70%"
,,18.05.2021,5.139.485,11.937,18.05.2021,916,45.186,203,4.971.245,10.125,51.294.008,217.276,,,2.232,"45,50%","62,50%","30,70%"
,,19.05.2021,5.151.038,11.553,19.05.2021,902,45.419,233,4.980.516,9.271,51.512.691,218.683,,,2.162,"45,50%","62,50%","30,70%"
,,20.05.2021,5.160.423,9.385,20.05.2021,856,45.626,207,4.989.787,9.271,51.731.883,219.192,,,2.041,"45,50%","62,50%","30,70%"
,,#ERROR!,#N/A,#N/A,#ERROR!,#N/A,#N/A,#N/A,#N/A,#N/A,#N/A,#N/A,#N/A,#N/A,#N/A,#N/A,#N/A,#N/A
,,22.05.2021,5.178.648,8.697,22.05.2021,835,46.071,231,5.013.111,14.472,52.167.387,216.658,,,1.876,"45,50%","62,50%","30,70%"
,,23.05.2021,5.186.487,7.839,23.05.2021,710,46.268,197,5.024.313,11.202,52.377.678,210.291,,,1.843,"45,50%","62,50%","30,70%"
,,24.05.2021,5.194.010,7.523,24.05.2021,702,46.446,178,5.034.316,10.003,52.594.333,216.655,,,1.745,"49,10%","61,90%","29,90%"
,,25.05.2021,5.203.385,9.375,25.05.2021,693,46.621,175,5.045.508,11.192,52.817.437,223.104,,,1.667,"49,10%","61,90%","29,90%"
,,26.05.2021,5.212.123,8.738,26.05.2021,681,46.787,166,5.057.713,12.205,53.038.651,221.214,,,1.561,"49,10%","61,90%","29,90%"
,,27.05.2021,5.220.549,8.426,27.05.2021,673,46.970,183,5.070.815,13.102,53.258.116,219.465,,,1.504,"49,10%","61,90%","29,90%"
,,29.05.2021,5.235.978,7.656,29.05.2021,605,47.271,137,5.094.279,11.180,53.700.891,222.613,,,1.391,"49,10%","61,90%","29,90%"
,,30.05.2021,5.242.911,6.933,30.05.2021,582,47.405,134,5.105.042,10.763,53.919.848,218.957,,,1.390,"49,10%","61,90%","29,90%"
,,31.05.2021,5.249.404,6.493,31.05.2021,596,47.527,122,5.114.624,9.582,54.139.309,219.461,,,1.339,"49,90%","62,80%","27,60%"
,,01.06.2021,5.256.516,7.112,01.06.2021,602,47.656,129,5.124.081,9.457,54.362.791,223.482,,,1.241,"49,90%","62,80%","27,60%"
,,02.06.2021,5.263.697,7.181,02.06.2021,586,47.768,112,5.131.453,7.372,54.586.941,224.150,,,1.213,"49,90%","62,80%","27,60%"
,,03.06.2021,5.270.299,6.602,03.06.2021,563,47.882,114,5.139.993,8.540,54.809.788,222.847,,,1.219,"49,90%","62,80%","27,60%"
,,04.06.2021,5.276.468,6.169,04.06.2021,552,47.976,94,5.147.610,7.617,55.034.469,224.681,,,1.183,"49,90%","62,80%","27,60%"
,,05.06.2021,5.282.594,6.126,05.06.2021,542,48.068,92,5.154.771,7.161,55.250.625,216.156,,,1.147,"49,90%","62,80%","27,60%"
,,06.06.2021,5.287.980,5.386,06.06.2021,482,48.164,96,5.160.774,6.003,55.455.452,204.827,,,1.096,"49,90%","62,80%","27,60%"
,,07.06.2021,5.293.627,5.647,07.06.2021,495,48.255,91,5.167.350,6.576,55.673.616,218.164,,,1.060,"49,90%","60,00%","27,80%"
,,09.06.2021,5.306.690,6.454,09.06.2021,558,48.428,87,5.179.833,6.647,56.123.336,224.193,,,1.018,"49,90%","60,00%","27,80%"
,,10.06.2021,5.313.098,6.408,10.06.2021,563,48.524,96,5.186.728,6.895,56.346.656,223.320,,,1.009,"49,90%","60,00%","27,80%"
,,11.06.2021,5.319.359,6.261,11.06.2021,561,48.593,69,5.192.945,6.217,56.570.784,224.128,,,997,"49,90%","60,00%","27,80%"
,,12.06.2021,5.325.435,6.076,12.06.2021,503,48.668,75,5.198.057,5.112,56.789.542,218.758,,,973,"49,90%","60,00%","27,80%"
,,13.06.2021,5.330.447,5.012,13.06.2021,454,48.721,53,5.202.251,4.194,57.004.499,214.957,,,952,"49,90%","60,00%","27,80%"
,,14.06.2021,5.336.073,5.626,14.06.2021,428,48.795,74,5.206.836,4.585,57.223.789,219.290,,,929,"50,40%","60,20%","27,90%"
,,15.06.2021,5.342.028,5.955,15.06.2021,532,48.879,84,5.211.022,4.186,57.447.635,223.846,,,886,"50,40%","60,20%","27,90%"
,,16.06.2021,5.348.249,6.221,16.06.2021,548,48.950,71,5.215.654,4.632,57.674.798,227.163,,,881,"50,40%","60,20%","27,90%"
,,17.06.2021,5.354.153,5.904,17.06.2021,509,49.012,62,5.219.797,4.143,57.899.862,225.064,,,860,"50,40%","60,20%","27,90%"
,,18.06.2021,5.359.728,5.575,18.06.2021,497,49.071,59,5.224.224,4.427,58.123.990,224.128,,,856,"50,40%","60,20%","27,90%"
,,19.06.2021,5.365.208,5.480,19.06.2021,494,49.122,51,5.228.419,4.195,58.339.486,215.496,,,829,"50,40%","60,20%","27,90%"
,,20.06.2021,5.370.299,5.091,20.06.2021,409,49.185,63,5.232.638,4.219,58.552.783,213.297,,,813,"50,40%","60,20%","27,90%"
,,21.06.2021,5.375.593,5.294,21.06.2021,429,49.236,51,5.237.731,5.093,58.773.835,221.052,,,808,"49,30%","63,30%","27,00%"
,,22.06.2021,5.381.736,6.143,22.06.2021,565,49.293,57,5.242.945,5.214,58.997.073,223.238,,,791,"49,30%","63,30%","27,00%"
,,23.06.2021,5.387.545,5.809,23.06.2021,550,49.358,65,5.248.862,5.917,59.221.265,224.192,,,763,"49,30%","63,30%","27,00%"